{
  "PL_2025": {
    "avg_home_goals": 1.5,
    "avg_away_goals": 1.1,
    "home_adv": 0.3999999999999999
  },
  "PL_2024": {
    "avg_home_goals": 1.513157894736842,
    "avg_away_goals": 1.4210526315789473,
    "home_adv": 0.09210526315789469
  },
  "PL_2023": {
    "avg_home_goals": 1.8,
    "avg_away_goals": 1.4789473684210526,
    "home_adv": 0.3210526315789475
  },
  "PD_2025": {
    "avg_home_goals": 1.55,
    "avg_away_goals": 1.1375,
    "home_adv": 0.4125000000000001
  },
  "PD_2024": {
    "avg_home_goals": 1.4526315789473685,
    "avg_away_goals": 1.1657894736842105,
    "home_adv": 0.286842105263158
  },
  "PD_2023": {
    "avg_home_goals": 1.4842105263157894,
    "avg_away_goals": 1.1605263157894736,
    "home_adv": 0.3236842105263158
  },
  "SA_2025": {
    "avg_home_goals": 1.3,
    "avg_away_goals": 1.0833333333333333,
    "home_adv": 0.21666666666666679
  },
  "SA_2024": {
    "avg_home_goals": 1.3394736842105264,
    "avg_away_goals": 1.2210526315789474,
    "home_adv": 0.11842105263157898
  },
  "SA_2023": {
    "avg_home_goals": 1.4342105263157894,
    "avg_away_goals": 1.1763157894736842,
    "home_adv": 0.2578947368421052
  },
  "BL1_2025": {
    "avg_home_goals": 1.7037037037037037,
    "avg_away_goals": 1.537037037037037,
    "home_adv": 0.16666666666666674
  },
  "BL1_2024": {
    "avg_home_goals": 1.6360655737704919,
    "avg_away_goals": 1.501639344262295,
    "home_adv": 0.13442622950819683
  },
  "BL1_2023": {
    "avg_home_goals": 1.8071895424836601,
    "avg_away_goals": 1.411764705882353,
    "home_adv": 0.3954248366013071
  },
  "FL1_2025": {
    "avg_home_goals": 1.7142857142857142,
    "avg_away_goals": 1.1111111111111112,
    "home_adv": 0.603174603174603
  },
  "FL1_2024": {
    "avg_home_goals": 1.6131147540983606,
    "avg_away_goals": 1.3672131147540985,
    "home_adv": 0.24590163934426212
  },
  "FL1_2023": {
    "avg_home_goals": 1.4477124183006536,
    "avg_away_goals": 1.2516339869281046,
    "home_adv": 0.196078431372549
  },
  "CL_2025": {
    "avg_home_goals": 2.0833333333333335,
    "avg_away_goals": 1.5,
    "home_adv": 0.5833333333333335
  },
  "CL_2024": {
    "avg_home_goals": 1.873015873015873,
    "avg_away_goals": 1.4550264550264551,
    "home_adv": 0.4179894179894179
  },
  "CL_2023": {
    "avg_home_goals": 1.792,
    "avg_away_goals": 1.352,
    "home_adv": 0.43999999999999995
  },
  "DED_2025": {
    "avg_home_goals": 1.8472222222222223,
    "avg_away_goals": 1.4861111111111112,
    "home_adv": 0.36111111111111116
  },
  "DED_2024": {
    "avg_home_goals": 1.696078431372549,
    "avg_away_goals": 1.2908496732026145,
    "home_adv": 0.40522875816993453
  },
  "DED_2023": {
    "avg_home_goals": 1.7679738562091503,
    "avg_away_goals": 1.4705882352941178,
    "home_adv": 0.2973856209150325
  },
  "PPL_2025": {
    "avg_home_goals": 1.3472222222222223,
    "avg_away_goals": 1.1944444444444444,
    "home_adv": 0.1527777777777779
  },
  "PPL_2024": {
    "avg_home_goals": 1.4019607843137254,
    "avg_away_goals": 1.1666666666666667,
    "home_adv": 0.23529411764705865
  },
  "PPL_2023": {
    "avg_home_goals": 1.5849673202614378,
    "avg_away_goals": 1.2810457516339868,
    "home_adv": 0.303921568627451
  },
  "BSA_2025": {
    "avg_home_goals": 1.4545454545454546,
    "avg_away_goals": 0.9810606060606061,
    "home_adv": 0.4734848484848485
  },
  "BSA_2024": {
    "avg_home_goals": 1.4105263157894736,
    "avg_away_goals": 1.0342105263157895,
    "home_adv": 0.37631578947368416
  },
  "BSA_2023": {
    "avg_home_goals": 1.418421052631579,
    "avg_away_goals": 1.0710526315789475,
    "home_adv": 0.34736842105263155
  }
}