{
  "PL_2025": {
    "avg_home_goals": 1.5,
    "avg_away_goals": 1.1,
    "home_adv": 0.3999999999999999
  },
  "PD_2025": {
    "avg_home_goals": 1.55,
    "avg_away_goals": 1.1375,
    "home_adv": 0.4125000000000001
  },
  "SA_2025": {
    "avg_home_goals": 1.3,
    "avg_away_goals": 1.0833333333333333,
    "home_adv": 0.21666666666666679
  },
  "BL1_2025": {
    "avg_home_goals": 1.7037037037037037,
    "avg_away_goals": 1.537037037037037,
    "home_adv": 0.16666666666666674
  },
  "FL1_2025": {
    "avg_home_goals": 1.7142857142857142,
    "avg_away_goals": 1.1111111111111112,
    "home_adv": 0.603174603174603
  },
  "CL_2025": {
    "avg_home_goals": 2.0833333333333335,
    "avg_away_goals": 1.5,
    "home_adv": 0.5833333333333335
  },
  "DED_2025": {
    "avg_home_goals": 1.8472222222222223,
    "avg_away_goals": 1.4861111111111112,
    "home_adv": 0.36111111111111116
  },
  "PPL_2025": {
    "avg_home_goals": 1.3472222222222223,
    "avg_away_goals": 1.1944444444444444,
    "home_adv": 0.1527777777777779
  },
  "BSA_2025": {
    "avg_home_goals": 1.4545454545454546,
    "avg_away_goals": 0.9810606060606061,
    "home_adv": 0.4734848484848485
  }
}