{
  "PL_2025": -0.10435348847840745,
  "PL_2024": -0.028356746149433065,
  "PL_2023": -0.003372674484075634,
  "PD_2025": -0.11589920893728675,
  "PD_2024": 0.05406742651917562,
  "PD_2023": -0.06508645027149101,
  "SA_2025": -0.13215609289535846,
  "SA_2024": -0.09660569236834812,
  "SA_2023": -0.07176352999217456,
  "BL1_2025": 0.004286178673438278,
  "BL1_2024": -0.11277238506151437,
  "BL1_2023": -0.1513336276029879,
  "FL1_2025": 0.25,
  "FL1_2024": -0.06858318955047261,
  "FL1_2023": -0.10583034749415714,
  "CL_2025": 0.06758275680711429,
  "CL_2024": 0.1002291522182735,
  "CL_2023": 0.11878953797267897,
  "DED_2025": 0.25,
  "DED_2024": -0.03964154138278399,
  "DED_2023": -0.16059790458077675,
  "PPL_2025": -0.15378854068002362,
  "PPL_2024": 0.014132709012869995,
  "PPL_2023": 0.007663776775709344,
  "BSA_2025": 0.0032748174877922026,
  "BSA_2024": -0.03034015698776675,
  "BSA_2023": -0.0025503322085788887
}